,model,RMSE,MAPE,DA,R2
0,7_64_8,1.4495360851287842,0.9933791160583496,45.51083591331269,0.9691636562347412
1,7_64_16,1.5305367708206177,1.0724334716796875,46.59442724458204,0.9656210541725159
2,7_64_32,1.2999205589294434,0.8816744089126587,45.975232198142415,0.9752007722854614
3,7_64_64,1.2526124715805054,0.844974935054779,45.82043343653251,0.9769729375839233
