,model,RMSE,MAPE,DA,R2
0,7_64_8,10.070605278015137,7.543907165527344,44.89164086687307,-0.48838746547698975
1,7_64_16,10.291769981384277,7.701664447784424,45.04643962848297,-0.5544790029525757
2,7_64_32,10.45561695098877,7.7703962326049805,44.42724458204334,-0.6043676137924194
3,7_64_64,10.552846908569336,7.828466415405273,44.73684210526316,-0.6343461275100708
