,model,RMSE,MAPE,DA,R2
0,14_64_8,239.455322265625,1.1148021221160889,41.42194744976816,0.7404984831809998
1,14_64_16,187.07066345214844,0.8988789319992065,40.95826893353941,0.8416194915771484
2,14_64_32,106.18473815917969,0.5273827314376831,40.95826893353941,0.9489712715148926
3,14_64_64,93.58466339111328,0.4625871777534485,41.26738794435858,0.9603630900382996
