,model,RMSE,MAPE,DA,R2
0,7_64_8,288.77862548828125,1.3536171913146973,41.294298921417564,0.6217465996742249
1,7_64_16,282.40386962890625,1.326675295829773,40.98613251155624,0.6382618546485901
2,7_64_32,102.67558288574219,0.5129134654998779,40.98613251155624,0.9521824717521667
3,7_64_64,106.86346435546875,0.5354150533676147,40.98613251155624,0.9482021927833557
