,model,RMSE,MAPE,DA,R2
0,14_64_8,1192.2977294921875,7.332407474517822,41.57650695517774,-5.433688163757324
1,14_64_16,1097.5164794921875,6.680100440979004,40.64914992272025,-4.451456546783447
2,14_64_32,1148.2164306640625,7.015735626220703,39.721792890262755,-4.966753959655762
3,14_64_64,1133.3746337890625,6.898114204406738,41.112828438948995,-4.813498020172119
